{"cameraMode":{"drawMode":0,"name":"Shaded","section":"Shading Mode"},"sceneLighting":true,"audioPlay":false,"sceneViewState":{"m_AlwaysRefresh":false,"showFog":true,"showSkybox":true,"showFlares":true,"showImageEffects":true,"showParticleSystems":true,"showVisualEffectGraphs":true,"m_FxEnabled":true},"in2DMode":false,"pivot":{"x":0.16156946122646333,"y":1.234495997428894,"z":-7.949859142303467},"rotation":{"x":-0.3567788004875183,"y":-0.006615753751248121,"z":0.002547122770920396,"w":-0.934207022190094},"size":1.0046528577804566,"orthographic":false}